"alias","treatment_name","culture","starch_g_per_kg","tuber_FW_kg_per_plant","starch_yield_g_per_plant"
"Albatros","control","67199",218.4,0.8024,178.3056
"Albatros","control","67516",219.5,1.3694,300.5938
"Albatros","control","67518",214.2096,1.611,344.713267
"Albatros","control","68015",190.1677,0.28916,54.84606234
"Albatros","drought stress","67199",244.566666666667,0.2704,65.4468
"Albatros","drought stress","67516",200.5,1.3162,264.3226
"Albatros","drought stress","67518",235.1156,0.682,160.407376
"Albatros","drought stress","68015",184.9412,0.14124,26.139199684
"AR1","control","67199",153.666666666667,0.512,80.2293333333333
"AR1","control","67516",183,0.9324,170.6292
"AR1","control","67518",204.8001,1.232,247.8976848
"AR1","control","68015",199.5754,0.30117,60.204883162
"AR1","drought stress","67199",225.5,0.182,41.17
"AR1","drought stress","67516",192,1.022,196.224
"AR1","drought stress","67518",193.3036,0.608,117.2651732
"AR1","drought stress","68015",181.8053,0.14501,26.343778118
"AR104","control","67199",229.666666666667,0.676,156.16
"AR104","control","67516",222,1.4548,322.9656
"AR104","control","67518",207.9378,1.763,367.2842394
"AR104","control","68015",190.1677,0.32261,61.467545682
"AR104","drought stress","67199",223,0.375,84.3
"AR104","drought stress","67516",227,1.5812,358.9324
"AR104","drought stress","67518",233.025,0.715,166.916012
"AR104","drought stress","68015",196.4395,0.142965,27.838196955
"AR105","control","67199",142,0.507,71.958
"AR105","control","67516",221,1.2316,272.1836
"AR105","control","67518",192.2583,1.696,324.7822672
"AR105","control","68015",147.3104,0.342375,50.575426588
"AR105","drought stress","67199",248,0.185333333333333,45.3708888888889
"AR105","drought stress","67516",209,0.9844,205.7396
"AR105","drought stress","67518",226.7532,0.667,150.6130232
"AR105","drought stress","68015",178.6694,0.14728,26.251209488
"AR106","control","67199",151.666666666667,0.672,102.796666666667
"AR106","control","67516",194,0.9236,179.1784
"AR106","control","67518",194.3489,1.57,305.1194106
"AR106","control","68015",166.1258,0.319345,52.797770197
"AR106","drought stress","67199",174.333333333333,0.32,56.8506666666667
"AR106","drought stress","67516",158,0.8156,128.8648
"AR106","drought stress","67518",222.572,0.466,103.0997344
"AR106","drought stress","68015",184.9412,0.135395,25.040113774
"AR117","control","67199",207,0.9,189.938666666667
"AR117","control","67516",186,1.324,246.264
"AR117","control","67518",176.5788,1.088,192.1177344
"AR117","control","68015",160.8993,0.30186,48.580257861
"AR117","drought stress","67199",201.555555555556,0.259333333333333,52.6884444444444
"AR117","drought stress","67516",152,1.062,161.424
"AR117","drought stress","67518",219.4361,0.483,106.0890304
"AR117","drought stress","68015",162.9899,0.146755,23.935905134
"AR118","control","67199",154,0.457,99.792
"AR118","control","67516",195,1.13,220.35
"AR118","control","67518",188.0771,1.816,340.1284962
"AR118","control","68015",155.6728,0.30607,47.700502316
"AR118","drought stress","67199",262.166666666667,0.273,71.6053333333333
"AR118","drought stress","67516",198,1.1484,227.3832
"AR118","drought stress","67518",221.5267,0.596,132.2180672
"AR118","drought stress","68015",175.5335,0.14132,24.738125677
"AR121","control","67199",177.833333333333,0.529333333333333,93.824
"AR121","control","67516",186,0.9496,176.6256
"AR121","control","67518",205.8472,1.2,247.01664
"AR121","control","68015",166.1258,0.318925,52.981670765
"AR121","drought stress","67199",219.333333333333,0.395333333333333,84.6786666666667
"AR121","drought stress","67516",177,1.1152,197.3904
"AR121","drought stress","67518",239.2968,0.634,151.5887352
"AR121","drought stress","68015",190.1677,0.160325,30.390383529
"AR122","control","67199",188.5,0.489,90.335
"AR122","control","67516",195,1.6156,315.042
"AR122","control","67518",194.3489,1.357,263.7178684
"AR122","control","68015",166.1258,0.28741,47.781840002
"AR122","drought stress","67199",173.333333333333,0.112,13.3333333333333
"AR122","drought stress","67516",206,1.3548,279.0888
"AR122","drought stress","67518",218.3908,0.519,111.0869772
"AR122","drought stress","68015",166.1258,0.13466,22.386827814
"AR123","control","67199",242,0.800666666666667,197.132
"AR123","control","67516",215,1.156,248.54
"AR123","control","67518",191.213,1.439,275.7116066
"AR123","control","68015",173.4429,0.29511,51.16526028
"AR123","drought stress","67199",234.666666666667,0.302666666666667,73.5533333333333
"AR123","drought stress","67516",192,0.8992,172.6464
"AR123","drought stress","67518",223.6173,0.496,111.0270732
"AR123","drought stress","68015",181.8053,0.15132,27.441443247
"AR125","control","67199",232,0.896666666666667,208.599333333333
"AR125","control","67516",202,1.2976,262.1152
"AR125","control","67518",200.6207,1.441,291.2738792
"AR125","control","68015",159.854,0.294405,47.038663475
"AR125","drought stress","67199",205.333333333333,0.326,67.8813333333333
"AR125","drought stress","67516",178,0.9452,168.2456
"AR125","drought stress","67518",225.7079,0.804,182.3158446
"AR125","drought stress","68015",187.0318,0.14906,27.909691928
"AR126","control","67199",170.333333333333,0.793333333333333,134.388
"AR126","control","67516",183,0.924,169.092
"AR126","control","67518",169.2617,1.161,191.7410392
"AR126","control","68015",168.2164,0.3556,59.486851672
"AR126","drought stress","67199",159.666666666667,0.38,59.8666666666667
"AR126","drought stress","67516",178,0.942,167.676
"AR126","drought stress","67518",219.4361,0.375,81.990627
"AR126","drought stress","68015",148.3557,0.1625,24.110905791
"AR129","control","67199",191,0.865,164.33
"AR129","control","67516",211,2.3364,492.9804
"AR129","control","67518",203.7566,2.239,455.5315824
"AR129","control","68015",181.8053,0.30131,54.642350258
"AR129","drought stress","67199",263.833333333333,0.219,57.8453333333333
"AR129","drought stress","67516",212,1.9844,420.6928
"AR129","drought stress","67518",216.3002,0.8405,181.8787156
"AR129","drought stress","68015",158.8087,0.143495,22.535736059
"AR133","control","67199",167.666666666667,0.663333333333333,112.725333333333
"AR133","control","67516",182,0.852,155.064
"AR133","control","67518",164.0352,2.159,354.8586196
"AR133","control","68015",157.7634,0.345175,54.341521245
"AR133","drought stress","67199",205.333333333333,0.066,27.104
"AR133","drought stress","67516",178,1.5796,281.1688
"AR133","drought stress","67518",191.213,1.045,201.5360582
"AR133","drought stress","68015",136.8574,0.130895,17.917451128
"AR139","control","67199",113.333333333333,0.384,67.6826666666667
"AR139","control","67516",215,0.8128,174.752
"AR139","control","67518",188.0771,2.113,397.3703268
"AR139","control","68015",173.4429,0.329335,57.214816074
"AR139","drought stress","67199",227.5,0.271,60.58
"AR139","drought stress","67516",189,1.5128,285.9192
"AR139","drought stress","67518",215.2549,0.721,154.6123696
"AR139","drought stress","68015",151.4916,0.13728,20.606919462
"AR140","control","67199",196.333333333333,0.360666666666667,72.4193333333333
"AR140","control","67516",236,1.4492,342.0112
"AR140","control","67518",202.7113,1.813,369.4316218
"AR140","control","68015",179.7147,0.304835,54.86720022
"AR140","drought stress","67199",0,0.0186666666666667,0
"AR140","drought stress","67516",197,1.9072,375.7184
"AR140","drought stress","67518",182.8506,0.907,168.590452
"AR140","drought stress","68015",165.0805,0.115195,18.938777181
"AR141","control","67199",168.5,0.779,139.079
"AR141","control","67516",196,1.1588,227.1248
"AR141","control","67518",188.0771,1.167,219.842423
"AR141","control","68015",176.5788,0.35188,62.355148256
"AR141","drought stress","67199",188.333333333333,0.368,67.2226666666667
"AR141","drought stress","67516",177,1.4796,261.8892
"AR141","drought stress","67518",241.3874,0.488,117.5712664
"AR141","drought stress","68015",157.7634,0.17205,27.12437757
"AR143","control","67199",197,0.690666666666667,137.080666666667
"AR143","control","67516",183,1.1736,214.7688
"AR143","control","67518",192.2583,1.354,260.648053
"AR143","control","68015",166.1258,0.31613,52.77210967
"AR143","drought stress","67199",221.333333333333,0.294,64.806
"AR143","drought stress","67516",188,1.3568,255.0784
"AR143","drought stress","67518",219.4361,0.514,113.2605404
"AR143","drought stress","68015",166.1258,0.13836,22.97851758
"AR144","control","67199",143.833333333333,0.195,25.8063333333333
"AR144","control","67516",184,0.7488,137.7792
"AR144","control","67518",197.4848,1.196,235.7611572
"AR144","control","68015",177.6241,0.2924,51.865851038
"AR144","drought stress","67199",82.6666666666667,0.068,14.5493333333333
"AR144","drought stress","67516",182,1.0896,198.3072
"AR144","drought stress","67518",210.0284,0.417,87.7595438
"AR144","drought stress","68015",169.2617,0.133665,22.633443561
"AR149","control","67199",186,0.790666666666667,152.497333333333
"AR149","control","67516",218,1.9028,414.8104
"AR149","control","67518",220.4814,1.677,369.7786668
"AR149","control","68015",162.9899,0.314505,51.226586108
"AR149","drought stress","67199",192,0.351333333333333,60.388
"AR149","drought stress","67516",233,1.7756,413.7148
"AR149","drought stress","67518",245.5686,0.605,148.569003
"AR149","drought stress","68015",187.0318,0.142185,26.503513367
"AR157","control","67199",165,0.552,99.314
"AR157","control","67516",169,1.052,177.788
"AR157","control","67518",189.1224,0.945,180.1506384
"AR157","control","68015",154.6275,0.37855,58.565285535
"AR157","drought stress","67199",164.333333333333,0.322666666666667,52.972
"AR157","drought stress","67516",168,1.0988,184.5984
"AR157","drought stress","67518",212.119,0.584,123.877496
"AR157","drought stress","68015",151.4916,0.132675,19.984969911
"AR161","control","67199",100,0.164,32.8
"AR161","control","67516",228,0.7412,168.9936
"AR161","control","67518",193.3036,1.383,265.3005438
"AR161","control","68015",177.6241,0.299245,53.22256831
"AR161","drought stress","67199",226.166666666667,0.104,24.74
"AR161","drought stress","67516",213,0.7692,163.8396
"AR161","drought stress","67518",229.8891,0.512,117.6530448
"AR161","drought stress","68015",175.5335,0.112735,19.793708165
"AR163","control","67199",159,0.736,123.041333333333
"AR163","control","67516",199,1.1336,225.5864
"AR163","control","67518",184.9412,2.193,407.0750118
"AR163","control","68015",172.3976,0.32209,55.47446265
"AR163","drought stress","67199",161.166666666667,0.368,59.329
"AR163","drought stress","67516",191,1.216,232.256
"AR163","drought stress","67518",227.7985,0.865,195.692039
"AR163","drought stress","68015",157.7634,0.15515,24.47699151
"AR164","control","67199",208.666666666667,0.686666666666667,145.184
"AR164","control","67516",206,1.4612,301.0072
"AR164","control","67518",197.4848,1.389,274.4548198
"AR164","control","68015",172.3976,0.29965,51.68507334
"AR164","drought stress","67199",269,0.168666666666667,44.8508888888889
"AR164","drought stress","67516",164,1.1464,188.0096
"AR164","drought stress","67518",223.6173,0.444,99.3425274
"AR164","drought stress","68015",187.0318,0.142455,26.573527704
"AR165","control","67199",217.666666666667,0.708666666666667,153.453333333333
"AR165","control","67516",237,1.5624,370.2888
"AR165","control","67518",198.5301,1.801,359.4499296
"AR165","control","68015",164.0352,0.328135,53.966544527
"AR165","drought stress","67199",259.666666666667,0.191,47.0646666666667
"AR165","drought stress","67516",226,1.6256,367.3856
"AR165","drought stress","67518",237.2062,0.593,140.6632766
"AR165","drought stress","68015",144.1745,0.149195,21.512273072
"AR166","control","67199",183.222222222222,0.464,101.480666666667
"AR166","control","67516",210,0.72,151.2
"AR166","control","67518",199.5754,0.492,99.4621816
"AR166","control","68015",161.9446,0.279705,45.523283118
"AR166","drought stress","67199",209.666666666667,0.26,54.2793333333333
"AR166","drought stress","67516",179,0.582,104.178
"AR166","drought stress","67518",244.5233,0.233,56.3247976
"AR166","drought stress","68015",169.2617,0.132525,22.327122438
"AR168","control","67199",186.333333333333,0.762,143.366
"AR168","control","67516",207,1.4028,290.3796
"AR168","control","67518",202.7113,2.114,428.5295976
"AR168","control","68015",203.7566,0.303115,61.819236027
"AR168","drought stress","67199",211.444444444444,0.206666666666667,42.7671111111111
"AR168","drought stress","67516",181,1.1852,214.5212
"AR168","drought stress","67518",199.5754,0.834,166.4458836
"AR168","drought stress","68015",181.8053,0.145365,26.429428833
"AR170","control","67199",201.888888888889,0.347333333333333,71.4782222222222
"AR170","control","67516",208,2.0824,433.1392
"AR170","control","67518",210.0313,2.452,510.2562064
"AR170","control","68015",154.6275,0.317905,49.341011115
"AR170","drought stress","67199",0,0.036,0
"AR170","drought stress","67516",200,1.288,257.6
"AR170","drought stress","67518",207.9378,0.964,198.7711968
"AR170","drought stress","68015",156.7181,0.126695,19.772606693
"AR176","control","67199",136,0.677333333333333,93.9133333333333
"AR176","control","67516",135,0.4504,60.804
"AR176","control","67518",206.8925,1.2,248.7351132
"AR176","control","68015",157.7634,0.307255,48.473593467
"AR176","drought stress","67199",197,0.436,85.6433333333333
"AR176","drought stress","67516",195,0.798,155.61
"AR176","drought stress","67518",223.6173,0.397,88.8962776
"AR176","drought stress","68015",139.9933,0.1694,23.701098419
"AR183","control","67199",120.333333333333,1.12733333333333,142.954666666667
"AR183","control","67516",145,1.2908,187.166
"AR183","control","67518",164.0352,1.304,214.0022496
"AR183","control","68015",111.7702,0.36699,41.018545698
"AR183","drought stress","67199",154.333333333333,0.514,79.506
"AR183","drought stress","67516",148,1.7528,259.4144
"AR183","drought stress","67518",184.9412,0.512,93.448078
"AR183","drought stress","68015",133.7215,0.16997,22.600134173
"AR184","control","67199",225.333333333333,0.548,122.012
"AR184","control","67516",238,1.5564,370.4232
"AR184","control","67518",217.3455,1.549,336.432987
"AR184","control","68015",179.7147,0.33253,59.805215766
"AR184","drought stress","67199",254.5,0.251,62.336
"AR184","drought stress","67516",203,0.8464,171.8192
"AR184","drought stress","67518",252.8857,0.685,173.1545788
"AR184","drought stress","68015",190.1677,0.13973,26.680791656
"AR185","control","67199",116,0.64,113.024
"AR185","control","67516",153,1.7232,263.6496
"AR185","control","67518",157.7634,1.389,217.908271
"AR185","control","68015",99.2266,0.37699,37.649046576
"AR185","drought stress","67199",167.5,0.55,92.099
"AR185","drought stress","67516",141,1.4596,205.8036
"AR185","drought stress","67518",190.1677,0.681,130.3916634
"AR185","drought stress","68015",139.9933,0.172475,24.14045764
"AR188","control","67199",175,0.843333333333333,148.054666666667
"AR188","control","67516",167,1.0028,167.4676
"AR188","control","67518",169.2617,1.24,209.9284106
"AR188","control","68015",155.6728,0.302755,47.105223697
"AR188","drought stress","67199",161.666666666667,0.478666666666667,75.5893333333333
"AR188","drought stress","67516",168,0.5704,95.8272
"AR188","drought stress","67518",224.6626,0.41,92.111666
"AR188","drought stress","68015",165.0805,0.158455,26.0928391
"AR191","control","67199",197,0.758,151.686
"AR191","control","67516",207,1.9048,394.2936
"AR191","control","67518",200.6207,1.616,323.1556606
"AR191","control","68015",174.4882,0.30262,53.294575588
"AR191","drought stress","67199",234.666666666667,0.226,46.64
"AR191","drought stress","67516",209,1.4452,302.0468
"AR191","drought stress","67518",225.7079,0.661,149.043444
"AR191","drought stress","68015",175.5335,0.148045,26.004736864
"AR196","control","67199",152.666666666667,0.376,58.4006666666667
"AR196","control","67516",195,0.8808,171.756
"AR196","control","67518",181.8053,1.254,230.9336828
"AR196","control","68015",169.2617,0.30678,52.030216206
"AR196","drought stress","67199",231.166666666667,0.328666666666667,72.7766666666667
"AR196","drought stress","67516",171,0.9556,163.4076
"AR196","drought stress","67518",241.3874,0.582,140.6714396
"AR196","drought stress","68015",196.4395,0.13999,27.475074226
"AR197","control","67199",191,0.642666666666667,127.758666666667
"AR197","control","67516",224,1.658,371.392
"AR197","control","67518",207.9378,1.968,410.5428496
"AR197","control","68015",169.2617,0.321905,54.743357471
"AR197","drought stress","67199",225.444444444444,0.291333333333333,66.7413333333333
"AR197","drought stress","67516",228,1.3808,314.8224
"AR197","drought stress","67518",234.0703,0.653,150.6747272
"AR197","drought stress","68015",181.8053,0.148595,26.948809529
"AR199","control","67199",129.666666666667,0.337333333333333,67.9973333333333
"AR199","control","67516",226,1.4616,330.3216
"AR199","control","67518",196.4395,1.598,309.676856
"AR199","control","68015",179.7147,0.25511,45.922968615
"AR199","drought stress","67199",158,0.0746666666666667,17.048
"AR199","drought stress","67516",215,1.5336,329.724
"AR199","drought stress","67518",225.7079,0.521,118.4499166
"AR199","drought stress","68015",177.6241,0.132165,23.470217031
"AR20","control","67199",171.333333333333,0.897333333333333,157.5
"AR20","control","67516",214,1.8248,390.5072
"AR20","control","67518",201.666,3.089,622.946274
"AR20","control","68015",145.2198,0.354755,51.626140443
"AR20","drought stress","67199",194,0.320666666666667,71.084
"AR20","drought stress","67516",187,2.1712,406.0144
"AR20","drought stress","67518",218.3908,1.449,316.4482692
"AR20","drought stress","68015",183.8959,0.134745,24.788967716
"AR200","control","67199",217.333333333333,0.822666666666667,178.986
"AR200","control","67516",192,2.1808,418.7136
"AR200","control","67518",192.2583,1.554,297.7240982
"AR200","control","68015",169.2617,0.343945,58.122507744
"AR200","drought stress","67199",233.777777777778,0.250666666666667,57.0837777777778
"AR200","drought stress","67516",175,1.582,276.85
"AR200","drought stress","67518",218.3908,0.689,150.7346768
"AR200","drought stress","68015",180.76,0.158635,28.6748626
"AR201","control","67199",168.333333333333,0.720666666666667,120.886666666667
"AR201","control","67516",189,0.824,155.736
"AR201","control","67518",180.76,1.1,198.1753704
"AR201","control","68015",164.0352,0.33147,54.372747744
"AR201","drought stress","67199",223.333333333333,0.512,114.218666666667
"AR201","drought stress","67516",191,0.984,187.944
"AR201","drought stress","67518",248.7045,0.396,98.4284452
"AR201","drought stress","68015",177.6241,0.15872,28.172145161
"AR202","control","67199",162.333333333333,0.416,69.114
"AR202","control","67516",193,1.6868,325.5524
"AR202","control","67518",213.1643,1.671,357.4864002
"AR202","control","68015",154.6275,0.33765,52.06431282
"AR202","drought stress","67199",234.666666666667,0.369333333333333,85.26
"AR202","drought stress","67516",188,1.2996,244.3248
"AR202","drought stress","67518",245.5686,0.575,139.7218002
"AR202","drought stress","68015",196.4395,0.148625,29.285993492
"AR207","control","67199",189.333333333333,0.349333333333333,69.9033333333333
"AR207","control","67516",213,1.5916,339.0108
"AR207","control","67518",178.6694,1.556,283.3907908
"AR207","control","68015",165.0805,0.3116,51.395777021
"AR207","drought stress","67199",126.222222222222,0.09,15.776
"AR207","drought stress","67516",186,1.5996,297.5256
"AR207","drought stress","67518",208.9831,0.614,128.9156256
"AR207","drought stress","68015",162.9899,0.10351,16.827715052
"AR208","control","67199",167,0.492666666666667,85.8166666666667
"AR208","control","67516",214,1.3588,290.7832
"AR208","control","67518",177.6241,1.752,313.2441206
"AR208","control","68015",149.401,0.315265,47.100906265
"AR208","drought stress","67199",122,0.242,37.5546666666667
"AR208","drought stress","67516",185,1.1224,207.644
"AR208","drought stress","67518",222.572,0.608,135.5411984
"AR208","drought stress","68015",130.5856,0.15066,19.822291848
"AR21","control","67199",163.666666666667,0.531333333333333,89.2186666666667
"AR21","control","67516",217,0.3784,82.1128
"AR21","control","68015",159.854,0.28668,45.82694472
"AR21","drought stress","67199",194,0.310666666666667,62.5
"AR21","drought stress","67516",158,0.2236,35.3288
"AR21","drought stress","68015",161.9446,0.171255,27.645400546
"AR216","control","67199",183.333333333333,0.614666666666667,111.138666666667
"AR216","control","67516",198,1.0232,202.5936
"AR216","control","67518",164.0352,1.562,255.0187968
"AR216","control","68015",159.854,0.33336,53.42690904
"AR216","drought stress","67199",237.333333333333,0.252,58.5126666666667
"AR216","drought stress","67516",191,1.2096,231.0336
"AR216","drought stress","67518",207.9378,0.728,151.8971872
"AR216","drought stress","68015",157.7634,0.14101,22.200955544
"AR22","control","67199",168,0.369333333333333,65.388
"AR22","control","67516",151,0.5296,79.9696
"AR22","control","67518",200.6207,0.746,150.1020682
"AR22","control","68015",137.9027,0.297585,41.082153191
"AR22","drought stress","67199",211.333333333333,0.37,78.6906666666667
"AR22","drought stress","67516",177,0.6824,120.7848
"AR22","drought stress","67518",218.3908,0.398,89.4784328
"AR22","drought stress","68015",184.9412,0.15615,28.755933784
"AR229","control","67199",210.5,0.556,146.835
"AR229","control","67516",205,1.5536,318.488
"AR229","control","67518",194.3489,2.079,404.2029316
"AR229","control","68015",183.8959,0.28881,53.089065391
"AR229","drought stress","67199",145.5,0.0906666666666667,14.421
"AR229","drought stress","67516",198,1.152,228.096
"AR229","drought stress","67518",196.4395,0.552,112.929394
"AR229","drought stress","68015",170.307,0.14404,24.66230996
"AR23","control","67199",166.333333333333,1.08466666666667,182.842
"AR23","control","67516",173,1.0088,174.5224
"AR23","control","67518",189.1224,1.309,247.1849136
"AR23","control","68015",162.9899,0.301405,49.506277082
"AR23","drought stress","67199",170,0.424,71.29
"AR23","drought stress","67516",251,1.2316,309.1316
"AR23","drought stress","67518",221.5267,0.414,91.7036914
"AR23","drought stress","68015",167.1711,0.17282,28.91252352
"AR230","control","67199",113.111111111111,0.2,34.8897777777778
"AR230","control","67516",221,1.554,343.434
"AR230","control","67518",195.3942,1.865,363.7683688
"AR230","control","68015",173.4429,0.32261,55.983536027
"AR230","drought stress","67199",107.166666666667,0.021,4.501
"AR230","drought stress","67516",197,1.558,306.926
"AR230","drought stress","67518",216.3002,0.67,144.921134
"AR230","drought stress","68015",159.854,0.120295,19.081329766
"AR231","control","67199",175.666666666667,0.35,63.9133333333333
"AR231","control","67516",177,1.3764,243.6228
"AR231","control","67518",181.8053,1.294,234.1292248
"AR231","control","68015",167.1711,0.28023,46.993901448
"AR231","drought stress","67199",238.777777777778,0.124,28.2315555555556
"AR231","drought stress","67516",168,1.3124,220.4832
"AR231","drought stress","67518",208.9831,0.574,114.1966964
"AR231","drought stress","68015",155.6728,0.11056,17.214341574
"AR234","control","67199",173.333333333333,0.894666666666667,158.127333333333
"AR234","control","67516",201,1.7564,353.0364
"AR234","control","67518",180.76,1.498,270.7032184
"AR234","control","68015",146.2651,0.3214,47.10712963
"AR234","drought stress","67199",224.666666666667,0.194,42.8946666666667
"AR234","drought stress","67516",199,1.3976,278.1224
"AR234","drought stress","67518",237.2062,0.505,115.4490454
"AR234","drought stress","68015",160.8993,0.149105,23.903633709
"AR235","control","67199",158.666666666667,0.837333333333333,133.21
"AR235","control","67516",124,0.6056,75.0944
"AR235","control","67518",178.6694,1.646,292.6473184
"AR235","control","68015",149.401,0.37305,55.583268978
"AR235","drought stress","67199",134.5,0.543,74.498
"AR235","drought stress","67516",158,1.3016,205.6528
"AR235","drought stress","67518",208.9831,0.623,130.0929866
"AR235","drought stress","68015",154.6275,0.16256,25.12203032
"AR241","control","67199",227.5,1.019,234.568
"AR241","control","67516",196,2.0352,398.8992
"AR241","control","67518",191.213,1.518,290.3282332
"AR241","control","68015",173.4429,0.338065,58.73736635
"AR241","drought stress","67199",215.888888888889,0.256666666666667,56.3313333333333
"AR241","drought stress","67516",194,1.6808,326.0752
"AR241","drought stress","67518",223.6173,0.646,143.7668778
"AR241","drought stress","68015",177.6241,0.14575,25.904642947
"AR245","control","67199",217.666666666667,0.797333333333333,173.78
"AR245","control","67516",248,1.2716,315.3568
"AR245","control","67518",223.6173,1.828,411.6720866
"AR245","control","68015",175.5335,0.322015,56.776499324
"AR245","drought stress","67199",244,0.281,68.461
"AR245","drought stress","67516",227,1.3252,300.8204
"AR245","drought stress","67518",254.9763,0.558,142.1137086
"AR245","drought stress","68015",197.4848,0.12238,24.10716521
"AR247","control","67199",169.666666666667,0.670666666666667,117.094666666667
"AR247","control","67516",206,1.2144,250.1664
"AR247","control","67518",189.1224,1.123,212.9572796
"AR247","control","68015",151.4916,0.35396,53.621966736
"AR247","drought stress","67199",194,0.152,29.488
"AR247","drought stress","67516",184,1.8964,348.9376
"AR247","drought stress","67518",236.1609,0.355,83.7838092
"AR247","drought stress","68015",168.2164,0.16532,27.70849655
"AR249","control","67199",213.666666666667,0.709333333333333,155.636
"AR249","control","67516",214,1.658,354.812
"AR249","control","67518",211.0737,1.65,348.1503502
"AR249","control","68015",144.1745,0.34201,49.392598403
"AR249","drought stress","67199",222.666666666667,0.362666666666667,74.7573333333333
"AR249","drought stress","67516",201,1.3628,273.9228
"AR249","drought stress","67518",239.2968,0.696,165.5219976
"AR249","drought stress","68015",151.4916,0.140165,21.035693952
"AR254","control","67199",234,0.664666666666667,159.211333333333
"AR254","control","67516",208,1.6432,341.7856
"AR254","control","67518",202.7113,1.778,361.9719166
"AR254","control","68015",167.1711,0.310605,51.842149598
"AR254","drought stress","67199",211.5,0.178,38.681
"AR254","drought stress","67516",204,1.6908,344.9232
"AR254","drought stress","67518",226.7532,0.624,141.7239628
"AR254","drought stress","68015",170.307,0.149265,25.41486388
"AR256","control","67199",170,0.587333333333333,98.6333333333333
"AR256","control","67516",238,1.054,250.852
"AR256","control","67518",221.5267,1.341,296.7192198
"AR256","control","68015",192.2583,0.323835,62.295020716
"AR256","drought stress","67199",186,0.412,75.762
"AR256","drought stress","67516",218,1.388,302.584
"AR256","drought stress","67518",248.7045,0.416,103.492431
"AR256","drought stress","68015",179.7147,0.151235,27.142750082
"AR258","control","67199",158.333333333333,0.273333333333333,44.5353333333333
"AR258","control","67516",208,1.0976,228.3008
"AR258","control","67518",216.3002,0.879,190.1278758
"AR258","control","68015",149.401,0.310695,46.242878244
"AR258","drought stress","67199",65.6666666666667,0.0826666666666667,14.3153333333333
"AR258","drought stress","67516",199,0.59,117.41
"AR258","drought stress","67518",256.0216,0.204,52.6130768
"AR258","drought stress","68015",175.5335,0.13433,23.408822095
"AR260","control","67199",194,0.392,75.7933333333333
"AR260","control","67516",201,1.892,380.292
"AR260","control","67518",202.7113,2.033,412.8991838
"AR260","control","68015",177.6241,0.31573,55.994183603
"AR260","drought stress","67199",247.888888888889,0.191333333333333,45.3002222222222
"AR260","drought stress","67516",211,1.4144,298.4384
"AR260","drought stress","67518",223.6173,0.73,163.4664138
"AR260","drought stress","68015",158.8087,0.141495,22.708772026
"AR261","control","67199",101.333333333333,0.0666666666666667,5.472
"AR261","control","67516",154,0.9944,153.1376
"AR261","control","67518",189.1224,1.176,219.8992224
"AR261","control","68015",135.8121,0.283485,38.517454554
"AR261","drought stress","67199",120.5,0.041,9.881
"AR261","drought stress","67516",167,1.07,178.69
"AR261","drought stress","67518",195.3942,0.558,109.1344936
"AR261","drought stress","68015",130.5856,0.15271,20.263470316
"AR267","control","67199",184.666666666667,0.544666666666667,101.284
"AR267","control","67516",210,1.4928,313.488
"AR267","control","67518",200.6207,1.342,268.6622456
"AR267","control","68015",167.1711,0.311845,52.10291931
"AR267","drought stress","67199",248,0.241,59.148
"AR267","drought stress","67516",195,1.0168,198.276
"AR267","drought stress","67518",227.7985,0.503,114.107034
"AR267","drought stress","68015",207.9378,0.13763,28.618479414
"AR268","control","67199",196.888888888889,0.534,111.357333333333
"AR268","control","67516",224,1.8672,418.2528
"AR268","control","67518",212.119,1.13,240.1794892
"AR268","control","68015",147.3104,0.323995,47.315462198
"AR268","drought stress","67199",231.666666666667,0.214666666666667,47.8206666666667
"AR268","drought stress","67516",213,1.7228,366.9564
"AR268","drought stress","67518",250.7951,0.374,93.7221058
"AR268","drought stress","68015",174.4882,0.13123,22.791047766
"AR269","control","67199",174.666666666667,0.815333333333333,145.424666666667
"AR269","control","67516",177,0.822,145.494
"AR269","control","67518",185.9865,1.152,215.23903
"AR269","control","68015",162.9899,0.296765,48.322549417
"AR269","drought stress","67199",210,0.442,92.02
"AR269","drought stress","67516",186,0.8124,151.1064
"AR269","drought stress","67518",224.6626,0.392,88.0677392
"AR269","drought stress","68015",184.9412,0.166615,30.786643443
"AR271","control","67199",155.333333333333,0.712666666666667,115.316666666667
"AR271","control","67516",195,1.5028,293.046
"AR271","control","67518",187.0318,1.47,273.7827348
"AR271","control","68015",144.1745,0.323985,46.648206165
"AR271","drought stress","67199",191.333333333333,0.456666666666667,85.9493333333333
"AR271","drought stress","67516",190,1.0668,202.692
"AR271","drought stress","67518",228.8438,0.534,122.2025892
"AR271","drought stress","68015",158.8087,0.17738,28.209804427
"AR279","control","67199",171.888888888889,0.43,74.4855555555555
"AR279","control","67516",227,1.3512,306.7224
"AR279","control","67518",206.8925,1.359,283.618136
"AR279","control","68015",167.1711,0.341165,56.929051644
"AR279","drought stress","67199",232.666666666667,0.28,66.1366666666667
"AR279","drought stress","67516",194,1.5304,296.8976
"AR279","drought stress","67518",254.9763,0.356,90.0921178
"AR279","drought stress","68015",196.4395,0.14727,28.867522986
"AR28","control","67199",169.222222222222,0.686666666666667,130.067777777778
"AR28","control","67516",180,0.9512,171.216
"AR28","control","67518",177.6241,1.97,348.591946
"AR28","control","68015",139.9933,0.34038,47.615379254
"AR28","drought stress","67199",181,0.273,49.374
"AR28","drought stress","67516",189,1.286,243.054
"AR28","drought stress","67518",220.4814,0.515,113.4622064
"AR28","drought stress","68015",169.2617,0.15875,26.508317938
"AR280","control","67199",182,0.757,138.689
"AR280","control","67516",189,1.1584,218.9376
"AR280","control","67518",174.4882,1.576,272.585032
"AR280","control","68015",168.2164,0.329685,55.363667389
"AR280","drought stress","67199",203.333333333333,0.54,109.454666666667
"AR280","drought stress","67516",167,1.4084,235.2028
"AR280","drought stress","67518",228.8438,0.428,97.9451464
"AR280","drought stress","68015",183.8959,0.149995,27.445877908
"AR282","control","67199",174.666666666667,0.608666666666667,110.936
"AR282","control","67516",202,1.8152,366.6704
"AR282","control","67518",196.4395,2.336,459.8798882
"AR282","control","68015",205.8472,0.294465,60.614795748
"AR282","drought stress","67199",218.333333333333,0.360666666666667,78.432
"AR282","drought stress","67516",186,1.1784,219.1824
"AR282","drought stress","67518",224.6626,1.282,288.0174532
"AR282","drought stress","68015",194.3489,0.14007,27.184924153
"AR284","control","67199",195.5,0.361,70.908
"AR284","control","67516",219,1.4708,322.1052
"AR284","control","67518",203.7566,2.05,418.1776868
"AR284","control","68015",170.307,0.323535,55.211683319
"AR284","drought stress","67199",236.888888888889,0.154666666666667,35.84
"AR284","drought stress","67516",207,1.7712,366.6384
"AR284","drought stress","67518",226.7532,0.626,141.9182348
"AR284","drought stress","68015",178.6694,0.12848,22.932907844
"AR285","control","67199",188.333333333333,0.608,113.690666666667
"AR285","control","67516",179,1.3256,237.2824
"AR285","control","67518",207.9378,1.876,388.9958384
"AR285","control","68015",169.2617,0.33154,56.160832541
"AR285","drought stress","67199",199.5,0.354,70.479
"AR285","drought stress","67516",190,1.2084,229.596
"AR285","drought stress","67518",240.3421,0.929,222.7603874
"AR285","drought stress","68015",189.1224,0.15667,29.644231548
"AR288","control","67199",203,0.954,191.11
"AR288","control","67516",185,1.5568,288.008
"AR288","control","67518",181.8053,1.85,335.9195944
"AR288","control","68015",154.6275,0.313415,48.484043148
"AR288","drought stress","67199",262.5,0.293,77.077
"AR288","drought stress","67516",188,1.232,231.616
"AR288","drought stress","67518",224.6626,0.753,169.8106614
"AR288","drought stress","68015",177.6241,0.147935,26.298035597
"AR293","control","67199",157.333333333333,0.845333333333333,132.63
"AR293","control","67516",206,1.174,241.844
"AR293","control","67518",192.2583,1.86,357.4310994
"AR293","control","68015",180.76,0.338655,61.317675388
"AR293","drought stress","67199",231.333333333333,0.42,98.5913333333333
"AR293","drought stress","67516",195,1.1998,233.961
"AR293","drought stress","67518",229.8891,0.713,163.8701616
"AR293","drought stress","68015",199.5754,0.158015,31.528317953
"AR296","control","67199",202.5,0.762,154.36
"AR296","control","67516",184,1.0212,187.9008
"AR296","control","67518",216.3002,1.54,335.1845456
"AR296","control","68015",173.4429,0.30858,53.645473953
"AR296","drought stress","67199",211.666666666667,0.216,44.264
"AR296","drought stress","67516",209,1.1908,248.8772
"AR296","drought stress","67518",214.2096,0.754,161.296616
"AR296","drought stress","68015",161.9446,0.126805,20.545231729
"AR298","control","67199",189.333333333333,0.547333333333333,108.543333333333
"AR298","control","67516",198,1.014,200.772
"AR298","control","67518",188.0771,2.058,386.962323
"AR298","control","68015",167.1711,0.33919,56.805424322
"AR298","drought stress","67199",215.222222222222,0.262666666666667,55.0062222222222
"AR298","drought stress","67516",189,1.368,258.552
"AR298","drought stress","67518",228.8438,0.471,107.7854298
"AR298","drought stress","68015",162.9899,0.157395,25.64074474
"AR299","control","67199",155.5,0.4105,63.4215
"AR299","control","67516",232,1.4412,334.3584
"AR299","control","67518",198.5301,1.165,230.508818
"AR299","control","68015",203.7566,0.287035,58.540362991
"AR299","drought stress","67199",221.555555555556,0.255333333333333,55.8751111111111
"AR299","drought stress","67516",182,0.5168,94.0576
"AR299","drought stress","67518",245.5719,0.255,59.4257674
"AR299","drought stress","68015",187.0318,0.139255,26.038632449
"AR41","control","67199",180.333333333333,0.612666666666667,109.859333333333
"AR41","control","67516",200,1.5516,310.32
"AR41","control","67518",181.8053,2.317,421.9275516
"AR41","control","68015",151.4916,0.29407,44.549134812
"AR41","drought stress","67199",220,0.235333333333333,54.5773333333333
"AR41","drought stress","67516",173,1.13,195.49
"AR41","drought stress","67518",238.2515,0.611,145.0521524
"AR41","drought stress","68015",175.5335,0.153575,26.957196634
"AR43","control","67199",183.333333333333,0.491333333333333,90.702
"AR43","control","67516",180,0.728,131.04
"AR43","control","67518",201.666,2.517,507.3487218
"AR43","control","68015",166.1258,0.30805,51.17505269
"AR43","drought stress","67199",221.5,0.184,40.606
"AR43","drought stress","67516",164,1.0988,180.2032
"AR43","drought stress","67518",221.5267,1.094,242.9564838
"AR43","drought stress","68015",165.0805,0.13667,22.54738812
"AR48","control","67199",123.5,0.43,106.21
"AR48","control","67516",235,1.3136,308.696
"AR48","control","67518",194.3489,1.859,363.8629072
"AR48","control","68015",152.5369,0.35404,54.191126434
"AR48","drought stress","67199",207.166666666667,0.265333333333333,54.892
"AR48","drought stress","67516",193,1.4804,285.7172
"AR48","drought stress","67518",250.7951,0.48,120.3272924
"AR48","drought stress","68015",174.4882,0.161505,28.046312067
"AR52","control","67199",153.5,0.429,66.298
"AR52","control","67516",189,1.1292,213.4188
"AR52","control","67518",191.213,1.348,258.8255112
"AR52","control","68015",169.2617,0.32759,55.53529428
"AR52","drought stress","67199",172.888888888889,0.231333333333333,40.5262222222222
"AR52","drought stress","67516",196,1.1648,228.3008
"AR52","drought stress","67518",236.1609,0.495,116.8797848
"AR52","drought stress","68015",194.3489,0.154295,29.90131234
"AR55","control","67199",218.666666666667,0.546,119.232666666667
"AR55","control","67516",241,1.3776,332.0016
"AR55","control","67518",213.1643,1.63,346.2912542
"AR55","control","68015",180.76,0.33817,61.478328256
"AR55","drought stress","67199",216.444444444444,0.250666666666667,53.9124444444444
"AR55","drought stress","67516",226,0.7436,168.0536
"AR55","drought stress","67518",235.1156,0.645,151.649562
"AR55","drought stress","68015",190.1677,0.111045,20.979678711
"AR56","control","67199",192.666666666667,0.907333333333333,175.000666666667
"AR56","control","67516",152,0.9188,139.6576
"AR56","control","67518",194.3489,1.601,311.4128686
"AR56","control","68015",151.4916,0.325535,49.328602025
"AR56","drought stress","67199",207.333333333333,0.378,77.6266666666667
"AR56","drought stress","67516",188,1.2228,229.8864
"AR56","drought stress","67518",213.1643,0.743,158.4281134
"AR56","drought stress","68015",164.0352,0.138855,22.769633801
"AR59","control","67199",148.5,0.65,96.035
"AR59","control","67516",206,1.6892,347.9752
"AR59","control","67518",196.4395,1.561,306.8479836
"AR59","control","68015",174.4882,0.30128,53.145869726
"AR59","drought stress","67199",233.333333333333,0.403333333333333,92.672
"AR59","drought stress","67516",204,1.2132,247.4928
"AR59","drought stress","67518",226.7532,0.615,139.3152384
"AR59","drought stress","68015",174.4882,0.1624,28.304395756
"AR60","control","67199",158.444444444444,0.468,84.682
"AR60","control","67516",133,0.7752,103.1016
"AR60","control","67518",169.2617,0.44,74.5190506
"AR60","control","68015",143.1292,0.345995,49.640210984
"AR60","drought stress","67199",216,0.233,50.559
"AR60","drought stress","67516",133,0.4428,58.8924
"AR60","drought stress","67518",195.3942,0.098,19.1486316
"AR60","drought stress","68015",146.2651,0.1751,25.607287289
"AR61","control","67199",153.333333333333,0.760666666666667,116.237333333333
"AR61","control","67516",177,1.4196,251.2692
"AR61","control","67518",180.76,1.336,242.164352
"AR61","control","68015",156.7181,0.31938,49.63831167
"AR61","drought stress","67199",216.5,0.449,97.339
"AR61","drought stress","67516",158,1.3512,213.4896
"AR61","drought stress","67518",211.0737,1.086,223.9200954
"AR61","drought stress","68015",175.5335,0.17111,29.993244347
"AR67","control","67199",188,0.594666666666667,114.703333333333
"AR67","control","67516",204,0.8196,167.1984
"AR67","control","67518",195.3942,1.525,297.976155
"AR67","control","68015",154.6275,0.35548,54.997276494
"AR67","drought stress","67199",253.666666666667,0.184666666666667,47.0357777777778
"AR67","drought stress","67516",198,1.0038,198.7524
"AR67","drought stress","67518",223.6173,0.742,169.1581948
"AR67","drought stress","68015",152.5369,0.145285,22.15901863
"AR68","control","67199",150.333333333333,0.348,52.4913333333333
"AR68","control","67516",209,1.1156,233.1604
"AR68","control","67518",188.0771,1.535,289.06943
"AR68","control","68015",194.3489,0.33735,65.371966566
"AR68","drought stress","67199",219.666666666667,0.142666666666667,31.4086666666667
"AR68","drought stress","67516",177,1.5916,281.7132
"AR68","drought stress","67518",212.119,0.487,103.301953
"AR68","drought stress","68015",173.4429,0.1504,26.150087657
"AR71","control","67199",163.5,0.312,50.067
"AR71","control","67516",205,1.332,273.06
"AR71","control","67518",190.1677,2.07,393.5049782
"AR71","control","68015",160.8993,0.302655,48.633554064
"AR71","drought stress","67199",111.5,0.126,28.098
"AR71","drought stress","67516",183,1.4644,267.9852
"AR71","drought stress","67518",204.8019,0.935,191.6685228
"AR71","drought stress","68015",166.1258,0.126315,21.012560322
"AR75","control","67199",153,0.854,131.342
"AR75","control","67516",199,1.3932,277.2468
"AR75","control","67518",181.8053,1.484,269.4938376
"AR75","control","68015",155.6728,0.33817,52.800414904
"AR75","drought stress","67199",182.333333333333,0.402,73.7466666666667
"AR75","drought stress","67516",171,1.4108,241.2468
"AR75","drought stress","67518",221.5267,0.572,127.7523006
"AR75","drought stress","68015",155.6728,0.17024,26.497786238
"AR85","control","67199",208,0.408,84.724
"AR85","control","67516",204,1.8672,380.9088
"AR85","control","67518",185.9865,1.931,358.7730312
"AR85","control","68015",183.8959,0.35098,64.626131716
"AR85","drought stress","67199",154.388888888889,0.113333333333333,21.8591111111111
"AR85","drought stress","67516",188,1.0476,196.9488
"AR85","drought stress","67518",202.7113,0.794,159.9806432
"AR85","drought stress","68015",160.8993,0.14226,22.883607567
"AR87","control","67199",78,0.335,52.26
"AR87","control","67516",195,1.1296,220.272
"AR87","control","67518",195.3942,1.66,323.518132
"AR87","control","68015",177.6241,0.298335,53.086843366
"AR87","drought stress","67199",226.666666666667,0.22,60.9226666666667
"AR87","drought stress","67516",186,0.852,158.472
"AR87","drought stress","67518",221.5267,0.596,131.4591794
"AR87","drought stress","68015",188.0771,0.1218,22.942965125
"AR9","control","67199",158.333333333333,0.371666666666667,61.8546666666667
"AR9","control","67516",232,1.2968,300.8576
"AR9","control","67518",194.3489,1.825,354.169319
"AR9","control","68015",155.6728,0.332075,51.632860163
"AR9","drought stress","67199",166.111111111111,0.132666666666667,30.3766666666667
"AR9","drought stress","67516",217,1.4536,315.4312
"AR9","drought stress","67518",213.1643,0.803,171.251421
"AR9","drought stress","68015",150.4463,0.15163,22.863026314
"AR90","control","67199",184.666666666667,0.603333333333333,113.108666666667
"AR90","control","67516",192,1.3088,251.2896
"AR90","control","67518",181.8053,1.754,318.8363218
"AR90","control","68015",176.5788,0.325815,57.592983618
"AR90","drought stress","67199",215.611111111111,0.211333333333333,47.5392222222222
"AR90","drought stress","67516",198,1.4292,282.9816
"AR90","drought stress","67518",204.8019,0.558,114.703852
"AR90","drought stress","68015",176.5788,0.14988,26.340194544
"AR95","control","67199",172.5,0.392,73.044
"AR95","control","67516",216,1.2092,261.1872
"AR95","control","67518",191.213,1.856,352.8341776
"AR95","control","68015",158.8087,0.301705,47.977304155
"AR95","drought stress","67199",231.444444444444,0.110666666666667,25.1342222222222
"AR95","drought stress","67516",186,1.02,189.72
"AR95","drought stress","67518",199.5754,0.43,85.817422
"AR95","drought stress","68015",133.7215,0.150475,19.898262799
"AR98","control","67199",197,0.652,134.534666666667
"AR98","control","67516",222,1.7492,388.3224
"AR98","control","67518",193.3036,1.662,321.914488
"AR98","control","68015",175.5335,0.32571,57.041381656
"AR98","drought stress","67199",214,0.328,69.9353333333333
"AR98","drought stress","67516",199,1.0916,217.2284
"AR98","drought stress","67518",246.6139,0.419,103.2841856
"AR98","drought stress","68015",174.4882,0.175355,30.597378311
"AR99","control","67199",184,0.816,150.402
"AR99","control","67516",200,1.8524,370.48
"AR99","control","67518",179.7147,2.044,370.351492
"AR99","control","68015",119.0873,0.307325,36.596795407
"AR99","drought stress","67199",229.555555555556,0.333333333333333,76.3177777777778
"AR99","drought stress","67516",196,1.4592,286.0032
"AR99","drought stress","67518",215.2549,0.764,165.06938
"AR99","drought stress","68015",136.8574,0.14603,19.751975162
"EA111","control","67199",250.333333333333,0.568,142.840666666667
"EA111","control","67516",217,1.2976,281.5792
"EA111","control","67518",223.6173,1.637,365.8535054
"EA111","control","68015",194.3489,0.337,65.560304276
"EA111","drought stress","67199",242.777777777778,0.328666666666667,80.5408888888889
"EA111","drought stress","67516",213,1.1284,240.3492
"EA111","drought stress","67518",250.7951,0.589,147.8385234
"EA111","drought stress","68015",217.3455,0.13076,28.407951194
"EA112","control","67199",266,0.738666666666667,195.906666666667
"EA112","control","67516",232,1.5488,359.3216
"EA112","control","67518",211.0737,2.032,427.4529726
"EA112","control","68015",202.7113,0.3336,67.63400191
"EA112","drought stress","67199",253.222222222222,0.214666666666667,53.6706666666667
"EA112","drought stress","67516",213,1.4992,319.3296
"EA112","drought stress","67518",241.3874,0.9,217.6751424
"EA112","drought stress","68015",185.9865,0.1332,24.7514505
"EA113","control","67199",209.5,0.479,100.733
"EA113","control","67516",204,1.3644,278.3376
"EA113","control","67518",198.5301,1.096,218.0510122
"EA113","control","68015",200.6207,0.290485,58.131876677
"EA113","drought stress","67199",226.333333333333,0.338666666666667,76.5213333333333
"EA113","drought stress","67516",190,0.9736,184.984
"EA113","drought stress","67518",231.9797,0.485,112.7014444
"EA113","drought stress","68015",169.2617,0.13266,22.430142051
"EA121","control","67199",180.111111111111,0.218666666666667,43.7522222222222
"EA121","control","67516",200,1.02,204
"EA121","control","67518",224.6626,2.439,548.9242104
"EA121","control","68015",167.1711,0.301125,50.156945599
"EA121","drought stress","67199",224.333333333333,0.153333333333333,34.1986666666667
"EA121","drought stress","67516",220,1.7128,376.816
"EA121","drought stress","67518",248.7219,0.939,222.6765434
"EA121","drought stress","68015",178.6694,0.09681,17.302002054
"EA125","control","67199",208,0.51,102.956666666667
"EA125","control","67516",219,1.3084,286.5396
"EA125","control","67518",210.0284,2.124,444.8877736
"EA125","control","68015",159.854,0.31724,50.657894608
"EA125","drought stress","67199",224,0.224,49.0993333333333
"EA125","drought stress","67516",211,1.602,338.022
"EA125","drought stress","67518",216.3219,0.774,169.8373554
"EA125","drought stress","68015",176.5788,0.12029,20.915930954
"EA127","control","67199",255,0.829333333333333,210.179333333333
"EA127","control","67516",212,0.6208,131.6096
"EA127","control","67518",211.0737,0.76,160.6606122
"EA127","control","68015",180.76,0.31838,57.558501234
"EA127","drought stress","67199",240.666666666667,0.438,105.887333333333
"EA127","drought stress","67516",232,0.9756,226.3392
"EA127","drought stress","67518",259.1749,0.265,67.8236644
"EA127","drought stress","68015",198.5301,0.12921,25.761464866
"EA130","control","67199",185.222222222222,0.266,55.2495555555556
"EA130","control","67516",224,1.5712,351.9488
"EA130","control","67518",214.2096,2.517,539.0171306
"EA130","control","68015",159.854,0.3078,49.15205056
"EA130","drought stress","67199",0,0.014,0
"EA130","drought stress","67516",214,1.6836,360.2904
"EA130","drought stress","67518",215.2549,1.044,227.0153226
"EA130","drought stress","68015",156.7181,0.1003,15.71694389
"EA131","control","67199",197.666666666667,0.782666666666667,154.224666666667
"EA131","control","67516",174,1.536,267.264
"EA131","control","67518",189.1224,1.168,219.8413008
"EA131","control","68015",187.0318,0.30575,57.22866639
"EA131","drought stress","67199",189.666666666667,0.735333333333333,139.495333333333
"EA131","drought stress","67516",156,1.6,249.6
"EA131","drought stress","67518",214.2096,0.56,118.9664316
"EA131","drought stress","68015",194.3489,0.15075,29.28382833
"EA132","control","67199",159.111111111111,0.258,51.8786666666667
"EA132","control","67516",154,0.7308,112.5432
"EA132","control","67518",189.1224,0.787,148.5173764
"EA132","control","68015",177.6241,0.2855,50.72234261
"EA132","drought stress","67199",204.5,0.533,109.33
"EA132","drought stress","67516",165,1.1284,186.186
"EA132","drought stress","67518",225.7079,0.169,38.1038684
"EA132","drought stress","68015",202.7113,0.1336,27.08672447
"EA133","control","67199",238.333333333333,0.688,164.326666666667
"EA133","control","67516",202,1.2752,257.5904
"EA133","control","67518",211.0737,1.856,391.8343206
"EA133","control","68015",204.8019,0.320265,65.650070616
"EA133","drought stress","67199",220.666666666667,0.430666666666667,94.8293333333333
"EA133","drought stress","67516",194,1.7268,334.9992
"EA133","drought stress","67518",243.478,0.69,166.5322188
"EA133","drought stress","68015",193.3036,0.134295,25.89151159
"EA14","control","67199",236.666666666667,0.634666666666667,150.52
"EA14","control","67516",256,1.366,349.696
"EA14","control","67518",223.6173,1.456,325.5554298
"EA14","control","68015",200.6207,0.3232,64.748257985
"EA14","drought stress","67199",160.111111111111,0.172666666666667,40.4317777777778
"EA14","drought stress","67516",222,1.6088,357.1536
"EA14","drought stress","67518",257.0873,0.54,138.5830722
"EA14","drought stress","68015",193.3036,0.12394,24.140243974
"EA140","control","67199",234.666666666667,0.395333333333333,93.058
"EA140","control","67516",248,1.8948,469.9104
"EA140","control","67518",207.9378,1.986,412.9644708
"EA140","control","68015",204.8019,0.28341,58.021791419
"EA140","drought stress","67199",215.555555555556,0.214666666666667,43.1157777777778
"EA140","drought stress","67516",239,1.334,318.826
"EA140","drought stress","67518",206.8925,0.512,106.1819226
"EA140","drought stress","68015",214.2096,0.108815,23.309217624
"EA143","control","67199",192.666666666667,0.605333333333333,117.394
"EA143","control","67516",193,1.1504,222.0272
"EA143","control","67518",183.8959,1.759,325.1631382
"EA143","control","68015",197.4848,0.297655,58.740432067
"EA143","drought stress","67199",190.666666666667,0.496666666666667,91.28
"EA143","drought stress","67516",195,0.9736,189.852
"EA143","drought stress","67518",238.2515,0.682,162.905643
"EA143","drought stress","68015",191.213,0.143565,27.501072924
"EA145","control","67199",197.333333333333,0.563333333333333,113.954666666667
"EA145","control","67516",207,2.1212,439.0884
"EA145","control","67518",188.0771,1.521,285.8363484
"EA145","control","68015",190.1677,0.31555,60.06485697
"EA145","drought stress","67199",203,0.524,104.738
"EA145","drought stress","67516",182,1.1532,209.8824
"EA145","drought stress","67518",225.7079,0.731,165.8757534
"EA145","drought stress","68015",179.7147,0.16175,29.08939287
"EA152","control","67199",138.5,0.434,60.319
"EA152","control","67516",206,1.148,236.488
"EA152","control","67518",196.4395,1.489,292.2506794
"EA152","control","68015",181.8053,0.3077,56.00703112
"EA152","drought stress","67199",212.5,0.43,91.725
"EA152","drought stress","67516",198,1.4224,281.6352
"EA152","drought stress","67518",240.3421,0.525,127.6607926
"EA152","drought stress","68015",172.3976,0.12435,21.48520271
"EA153","control","67199",156,0.582,93.212
"EA153","control","67516",193,0.6988,134.8684
"EA153","control","67518",166.1258,0.933,157.4518264
"EA153","control","68015",181.8053,0.296065,53.777553562
"EA153","drought stress","67199",198,0.485333333333333,94.602
"EA153","drought stress","67516",135,0.422,56.97
"EA153","drought stress","67518",225.7079,0.324,73.1920776
"EA153","drought stress","68015",148.3557,0.169495,25.141864689
"EA154","control","67199",199,0.76,151.35
"EA154","control","67516",198,1.4852,294.0696
"EA154","control","67518",218.3908,1.147,250.8914616
"EA154","control","68015",196.4395,0.298185,58.599746195
"EA154","drought stress","67199",235.333333333333,0.561333333333333,123.514666666667
"EA154","drought stress","67516",192,1.1232,215.6544
"EA154","drought stress","67518",265.4293,0.403,107.5795084
"EA154","drought stress","68015",183.8959,0.147465,27.105325571
"EA155","control","67199",227.333333333333,0.596,136.354
"EA155","control","67516",218,1.3208,287.9344
"EA155","control","67518",201.666,1.396,284.0511808
"EA155","control","68015",205.8472,0.340755,70.143462636
"EA155","drought stress","67199",216.833333333333,0.132,29.413
"EA155","drought stress","67516",189,0.9488,179.3232
"EA155","drought stress","67518",250.7951,0.6,150.2073726
"EA155","drought stress","68015",207.9378,0.104135,21.658892021
"EA159","control","67199",217.666666666667,0.482666666666667,105.418666666667
"EA159","control","67516",181,0.5976,108.1656
"EA159","control","67518",179.7147,0.662,120.4638198
"EA159","control","68015",185.9865,0.32505,60.46458085
"EA159","drought stress","67199",207.444444444444,0.362666666666667,67.1982222222222
"EA159","drought stress","67516",161,0.5568,89.6448
"EA159","drought stress","67518",187.0189,0.271,54.5939562
"EA159","drought stress","68015",193.3036,0.1464,28.31386312
"EA160","control","67199",198.5,0.246,48.687
"EA160","control","67516",177,0.2656,47.0112
"EA160","control","67518",205.8472,1.878,382.617264
"EA160","control","68015",173.4429,0.238105,41.294668732
"EA160","drought stress","67199",73.1111111111111,0.0146666666666667,3.21688888888889
"EA160","drought stress","67516",202,1.0444,210.9688
"EA160","drought stress","67518",167.1711,0.689,113.9714758
"EA160","drought stress","68015",193.3036,0.02665,5.15154094
"EA162","control","67199",183,0.963333333333333,178.347333333333
"EA162","control","67516",167,0.7452,124.4484
"EA162","control","67518",188.0771,1.578,296.863016
"EA162","control","68015",202.7113,0.33555,68.06561312
"EA162","drought stress","67199",229,0.487,111.768
"EA162","drought stress","67516",183,1.1644,213.0852
"EA162","drought stress","67518",236.1609,0.73,172.2971082
"EA162","drought stress","68015",197.4848,0.1396,27.58204886
"EA165","control","67199",223,0.552666666666667,123.901333333333
"EA165","control","67516",261,1.2916,337.1076
"EA165","control","67518",220.4814,2.13,472.050478
"EA165","control","68015",203.7566,0.28263,57.566278302
"EA165","drought stress","67199",198,0.274666666666667,54.8993333333333
"EA165","drought stress","67516",236,1.3892,327.8512
"EA165","drought stress","67518",235.1156,0.584,144.0476048
"EA165","drought stress","68015",217.3455,0.10935,23.738360983
"EA167","control","67199",185.666666666667,0.878666666666667,164.578666666667
"EA167","control","67516",143,0.3696,52.8528
"EA167","control","67518",177.6241,1.042,185.8808308
"EA167","control","68015",160.8993,0.370015,59.502964476
"EA167","drought stress","67199",196.5,0.477,93.281
"EA167","drought stress","67516",180,0.5028,90.504
"EA167","drought stress","67518",216.3002,0.439,94.2721616
"EA167","drought stress","68015",157.7634,0.16697,26.323441242
"EA168","control","67199",240.444444444444,0.360666666666667,84.6726666666667
"EA168","control","67516",198,1.1944,236.4912
"EA168","control","67518",213.1643,2.28,488.4041598
"EA168","control","68015",187.0318,0.3498,65.372713
"EA168","drought stress","67199",198.777777777778,0.396,74.5137777777778
"EA168","drought stress","67516",242,1.5544,376.1648
"EA168","drought stress","67518",225.7079,1.454,335.5005678
"EA168","drought stress","68015",195.3942,0.115,22.4849672
"EA17","control","67199",194,0.737333333333333,145.961333333333
"EA17","control","67516",178,1.372,244.216
"EA17","control","67518",181.8053,1.448,262.5809012
"EA17","control","68015",178.6694,0.3174,56.7491799
"EA17","drought stress","67199",195.5,0.371,72.337
"EA17","drought stress","67516",183,1.3392,245.0736
"EA17","drought stress","67518",222.572,0.563,125.966575
"EA17","drought stress","68015",170.307,0.14965,25.54560653
"EA170","control","67199",245.5,0.815,201.305
"EA170","control","67516",231,1.0292,237.7452
"EA170","control","67518",216.3002,1.901,411.2995726
"EA170","control","68015",211.0737,0.348735,73.544526952
"EA170","drought stress","67199",218.333333333333,0.400666666666667,86.3433333333333
"EA170","drought stress","67516",188,0.7436,139.7968
"EA170","drought stress","67518",252.8857,0.817,206.8783496
"EA170","drought stress","68015",207.9378,0.124305,25.847708229
"EA172","control","67199",192,0.724666666666667,158.007
"EA172","control","67516",209,2.0576,430.0384
"EA172","control","67518",194.3489,2.407,468.5242858
"EA172","control","68015",171.3523,0.32608,55.876627678
"EA172","drought stress","67199",202.888888888889,0.220666666666667,44.2857777777778
"EA172","drought stress","67516",228,1.5028,342.6384
"EA172","drought stress","67518",202.7113,1.154,234.175531
"EA172","drought stress","68015",178.6694,0.100565,18.066857215
"EA173","control","67199",174,1.018,175.508
"EA173","control","67516",184,1.3412,246.7808
"EA173","control","67518",201.666,1.057,213.5665384
"EA173","control","68015",192.2583,0.356945,68.537128116
"EA173","drought stress","67199",184.5,0.912,164.376
"EA173","drought stress","67516",156,0.6776,105.7056
"EA173","drought stress","67518",258.1122,0.363,93.52539
"EA173","drought stress","68015",191.213,0.15499,29.631984388
"EA174","control","67199",136.333333333333,0.584,83.872
"EA174","control","67516",186,1.5272,284.0592
"EA174","control","67518",178.6694,1.778,319.154338
"EA174","control","68015",161.9446,0.26065,42.17636509
"EA174","drought stress","67199",214.666666666667,0.348666666666667,72.3266666666667
"EA174","drought stress","67516",193,1.3216,255.0688
"EA174","drought stress","67518",219.4361,0.714,155.111516
"EA174","drought stress","68015",158.8087,0.16765,26.23955589
"EA175","control","67199",199.222222222222,0.185333333333333,37.8988888888889
"EA175","control","67516",207,1.2532,259.4124
"EA175","control","67518",204.8019,1.965,400.3357258
"EA175","control","68015",183.8959,0.30862,56.727621551
"EA175","drought stress","67199",189,0.252666666666667,46.7713333333333
"EA175","drought stress","67516",211,1.1312,238.6832
"EA175","drought stress","67518",200.6207,0.753,157.9256004
"EA175","drought stress","68015",178.6694,0.117065,20.913466403
"EA176","control","67199",199.5,0.514,102.62
"EA176","control","67516",202,0.7752,156.5904
"EA176","control","67518",203.7566,1.809,367.8117144
"EA176","control","68015",181.8053,0.3324,60.56222157
"EA176","drought stress","67199",205.555555555556,0.237333333333333,42.6928888888889
"EA176","drought stress","67516",220,0.93,204.6
"EA176","drought stress","67518",204.8019,0.276,56.1678318
"EA176","drought stress","68015",161.9446,0.11835,19.17356504
"EA177","control","67199",205,0.662,141.203333333333
"EA177","control","67516",224,2.1512,481.8688
"EA177","control","67518",201.666,2.07,416.633286
"EA177","control","68015",197.4848,0.328835,64.931447278
"EA177","drought stress","67199",218.333333333333,0.344,74.8346666666667
"EA177","drought stress","67516",207,1.3148,272.1636
"EA177","drought stress","67518",245.5686,0.625,153.6852538
"EA177","drought stress","68015",180.76,0.119345,21.616757065
"EA179","control","67199",56,0.0926666666666667,15.568
"EA179","control","67516",218,1.3576,295.9568
"EA179","control","67518",214.2096,2.381,509.9138934
"EA179","control","68015",162.9899,0.3298,53.48689034
"EA179","drought stress","67199",165.444444444444,0.134,21.3644444444444
"EA179","drought stress","67516",215,1.3164,283.026
"EA179","drought stress","67518",213.1643,1.327,282.9411518
"EA179","drought stress","68015",155.6728,0.12065,18.8024112
"EA182","control","67199",237.666666666667,0.379333333333333,89.3553333333333
"EA182","control","67516",206,1.2432,256.0992
"EA182","control","67518",233.025,1.756,408.0462512
"EA182","control","68015",204.8019,0.29065,59.537599108
"EA182","drought stress","67199",267.166666666667,0.176666666666667,47.0546666666667
"EA182","drought stress","67516",191,1.0408,198.7928
"EA182","drought stress","67518",215.2549,0.938,202.6554404
"EA182","drought stress","68015",188.0771,0.11184,21.032724042
"EA183","control","67199",238,0.746,177.548
"EA183","control","67516",192,1.3664,262.3488
"EA183","control","67518",188.0771,2.01,377.7485588
"EA183","control","68015",164.0352,0.3581,58.77278224
"EA183","drought stress","67199",219.833333333333,0.226,50.2713333333333
"EA183","drought stress","67516",209,1.9452,406.5468
"EA183","drought stress","67518",225.7079,1.114,251.7208316
"EA183","drought stress","68015",171.3523,0.1281,22.13765192
"EA186","control","67199",235,0.309333333333333,72.096
"EA186","control","67516",203,0.8936,181.4008
"EA186","control","67518",222.572,2.05,456.2726
"EA186","control","68015",193.3036,0.312115,60.02576035
"EA186","drought stress","67199",275,0.112,30.506
"EA186","drought stress","67516",221,1.4456,319.4776
"EA186","drought stress","67518",257.0669,0.817,210.2086754
"EA186","drought stress","68015",194.3489,0.10866,21.099397399
"EA19","control","67199",212,0.953333333333333,204.686666666667
"EA19","control","67516",189,1.1232,212.2848
"EA19","control","67518",196.4395,0.975,191.3309508
"EA19","control","68015",164.0352,0.28905,47.52768508
"EA19","drought stress","67199",214,0.472,102.604
"EA19","drought stress","67516",192,0.9476,181.9392
"EA19","drought stress","67518",234.0703,0.462,108.096576
"EA19","drought stress","68015",169.2617,0.1406,23.67599945
"EA192","control","67199",217,0.821,178.208
"EA192","control","67516",191,1.4136,269.9976
"EA192","control","67518",198.5301,1.098,218.387445
"EA192","control","68015",195.3942,0.336175,65.686645185
"EA192","drought stress","67199",232,0.431333333333333,99.756
"EA192","drought stress","67516",181,0.9528,172.4568
"EA192","drought stress","67518",244.5233,0.313,76.5242946
"EA192","drought stress","68015",214.2096,0.12919,27.668825314
"EA193","control","67199",217,0.554,119.179333333333
"EA193","control","67516",219,2.0416,447.1104
"EA193","control","67518",201.6689,1.932,389.2732564
"EA193","control","68015",188.0771,0.3027,57.0617052
"EA193","drought stress","67199",138.888888888889,0.28,55.6764444444444
"EA193","drought stress","67516",238,1.5188,361.4744
"EA193","drought stress","67518",223.6173,1.052,236.9241514
"EA193","drought stress","68015",191.213,0.1238,23.6721694
"EA196","control","67199",238,0.869,225.148
"EA196","control","67516",226,1.2572,284.1272
"EA196","control","67518",210.0284,1.98,416.7593712
"EA196","control","68015",177.6241,0.354585,63.004390358
"EA196","drought stress","67199",205.166666666667,0.385333333333333,79.1163333333333
"EA196","drought stress","67516",218,1.178,256.804
"EA196","drought stress","67518",236.1609,1.279,298.8835774
"EA196","drought stress","68015",193.3036,0.150905,29.083719858
"EA198","control","67199",220.333333333333,0.558666666666667,119.454666666667
"EA198","control","67516",212,1.2392,262.7104
"EA198","control","67518",205.8472,2.024,416.7392628
"EA198","control","68015",180.76,0.36318,65.66242382
"EA198","drought stress","67199",200.666666666667,0.296666666666667,58.922
"EA198","drought stress","67516",214,1.0588,226.5832
"EA198","drought stress","67518",208.9831,1.122,237.9619778
"EA198","drought stress","68015",177.6241,0.1256,22.225921148
"EA2","control","67199",222.666666666667,0.876,195.018666666667
"EA2","control","67516",206,0.8088,166.6128
"EA2","control","67518",174.4882,1.686,295.8930348
"EA2","control","68015",183.8959,0.3456,63.18888163
"EA2","drought stress","67199",197.333333333333,0.371333333333333,72.2713333333333
"EA2","drought stress","67516",188,0.8776,164.9888
"EA2","drought stress","67518",192.2783,0.778,147.778946
"EA2","drought stress","68015",188.0771,0.14035,26.08715992
"EA20","control","67199",233.666666666667,0.234666666666667,55.096
"EA20","control","67516",225,1.1644,261.99
"EA20","control","67518",208.9831,1.853,387.505964
"EA20","control","68015",180.76,0.31285,56.595421216
"EA20","drought stress","67199",0,0.01,0
"EA20","drought stress","67516",203,0.8024,162.8872
"EA20","drought stress","67518",210.0284,0.913,195.8827736
"EA20","drought stress","68015",196.4395,0.07988,15.717500247
"EA200","control","67199",175,0.412,78.1026666666667
"EA200","control","67516",192,1.1544,221.6448
"EA200","control","67518",200.5971,1.35,270.0880848
"EA200","control","68015",180.76,0.29275,52.97623586
"EA200","drought stress","67199",243,0.306,75.588
"EA200","drought stress","67516",177,0.9112,161.2824
"EA200","drought stress","67518",246.6139,0.821,202.3477118
"EA200","drought stress","68015",171.3523,0.1005,17.27139414
"EA201","control","67199",220.333333333333,0.344666666666667,80.5413333333333
"EA201","control","67516",210,1.8952,397.992
"EA201","control","67518",210.0048,2.946,621.5334048
"EA201","control","68015",196.4395,0.298525,58.667267335
"EA201","drought stress","67199",194.666666666667,0.0733333333333333,18.6023333333333
"EA201","drought stress","67516",211,2.1648,456.7728
"EA201","drought stress","67518",198.5301,1.536,302.2056382
"EA201","drought stress","68015",206.8925,0.0927,19.353635739
"EA202","control","67199",173.666666666667,0.604,112.368666666667
"EA202","control","67516",183,1.2012,219.8196
"EA202","control","67518",177.6241,1.686,299.5808532
"EA202","control","68015",183.8959,0.29939,54.850773931
"EA202","drought stress","67199",229.222222222222,0.285333333333333,66.4097777777778
"EA202","drought stress","67516",186,1.0028,186.5208
"EA202","drought stress","67518",250.7951,0.652,162.6696216
"EA202","drought stress","68015",201.666,0.11246,22.789972006
"EA207","control","67199",182.333333333333,0.434,80.602
"EA207","control","67516",204,1.748,356.592
"EA207","control","67518",192.2583,1.68,323.1779168
"EA207","control","68015",167.1711,0.30241,50.076970183
"EA207","drought stress","67199",196,0.177,33.418
"EA207","drought stress","67516",214,1.5236,326.0504
"EA207","drought stress","67518",224.6626,0.547,122.8193618
"EA207","drought stress","68015",143.1292,0.126845,18.086202215
"EA208","control","67199",237.666666666667,0.467333333333333,115.720666666667
"EA208","control","67516",258,1.284,331.272
"EA208","control","67518",199.5754,1.981,394.2989332
"EA208","control","68015",173.4429,0.269825,46.622789079
"EA208","drought stress","67199",240,0.223,53.311
"EA208","drought stress","67516",221,1.8256,403.4576
"EA208","drought stress","67518",223.6173,1.11,247.7824488
"EA208","drought stress","68015",211.0737,0.11292,23.833700041
"EA212","control","67199",240.333333333333,0.52,122.347333333333
"EA212","control","67516",239,1.1676,279.0564
"EA212","control","67518",198.5301,2.257,448.5622284
"EA212","control","68015",177.6241,0.3457,61.42994763
"EA212","drought stress","67199",212.222222222222,0.446,86.804
"EA212","drought stress","67516",193,1.168,225.424
"EA212","drought stress","67518",215.2549,0.77,165.7316388
"EA212","drought stress","68015",165.0805,0.0995,15.87108263
"EA215","control","67199",182,0.696,126.924
"EA215","control","67516",187,0.9704,181.4648
"EA215","control","67518",203.7566,1.407,286.3447684
"EA215","control","68015",200.6207,0.34413,69.241867041
"EA215","drought stress","67199",204,0.46,93.576
"EA215","drought stress","67516",193,1.2668,244.4924
"EA215","drought stress","67518",237.2062,0.546,127.3821732
"EA215","drought stress","68015",189.1224,0.134815,25.414940238
"EA218","control","67199",238.333333333333,0.658666666666667,156.485333333333
"EA218","control","67516",177,1.2656,224.0112
"EA218","control","67518",182.8506,1.886,344.8562316
"EA218","control","68015",173.4429,0.32081,55.687290085
"EA218","drought stress","67199",211.5,0.214,44.952
"EA218","drought stress","67516",182,1.7284,314.5688
"EA218","drought stress","67518",219.4361,0.612,134.4454164
"EA218","drought stress","68015",197.4848,0.101575,20.017131645
"EA22","control","67199",218.666666666667,0.555333333333333,122.151333333333
"EA22","control","67516",208,1.604,333.632
"EA22","control","67518",197.4848,2.06,406.44238
"EA22","control","68015",201.666,0.31678,63.704214752
"EA22","drought stress","67199",184.444444444444,0.293333333333333,52.0111111111111
"EA22","drought stress","67516",211,1.8364,387.4804
"EA22","drought stress","67518",219.4361,0.884,193.9815124
"EA22","drought stress","68015",190.1677,0.128715,24.383875929
"EA222","control","67199",205.666666666667,1.09133333333333,225.547333333333
"EA222","control","67516",208,1.132,235.456
"EA222","control","67518",197.4848,1.221,241.1289408
"EA222","control","68015",197.4848,0.362105,71.512219574
"EA222","drought stress","67199",216.333333333333,0.555333333333333,119.018
"EA222","drought stress","67516",184,1.036,190.624
"EA222","drought stress","67518",230.9344,0.456,104.5367456
"EA222","drought stress","68015",188.0771,0.158345,29.505762512
"EA232","control","67199",217,0.451,100.246
"EA232","control","67516",226,1.0784,243.7184
"EA232","control","67518",211.0737,1.763,372.1448844
"EA232","control","68015",187.0318,0.2895,54.1457061
"EA232","drought stress","67199",185.888888888889,0.107333333333333,26.1684444444444
"EA232","drought stress","67516",219,1.0408,227.9352
"EA232","drought stress","67518",236.1609,0.941,219.778269
"EA232","drought stress","68015",185.9865,0.12985,24.10356985
"EA234","control","67199",222,0.882,195.804
"EA234","control","67516",183,1.3764,251.8812
"EA234","control","67518",183.8959,1.665,303.6476398
"EA234","control","68015",154.6275,0.3435,53.35716038
"EA234","drought stress","67199",151.5,0.697,106.998
"EA234","drought stress","67516",164,1.6228,266.1392
"EA234","drought stress","67518",226.7532,0.656,147.7884232
"EA234","drought stress","68015",153.5822,0.14445,22.1783634
"EA24","control","67199",239.222222222222,0.288666666666667,68.6397777777778
"EA24","control","67516",228,0.9692,220.9776
"EA24","control","67518",214.2096,1.576,338.0166308
"EA24","control","68015",199.5754,0.31165,62.19767341
"EA24","drought stress","67199",241,0.14,28.64
"EA24","drought stress","67516",228,1.2756,290.8368
"EA24","drought stress","67518",215.2549,0.468,101.2222218
"EA24","drought stress","68015",191.213,0.06605,12.64529815
"EA243","control","67199",205.666666666667,0.414666666666667,87.3013333333333
"EA243","control","67516",173,0.748,129.404
"EA243","control","67518",201.666,1.593,320.9633446
"EA243","control","68015",183.8959,0.31215,57.38852325
"EA243","drought stress","67199",223.333333333333,0.296,64.3466666666667
"EA243","drought stress","67516",179,0.7844,140.4076
"EA243","drought stress","67518",242.4327,0.677,164.4562074
"EA243","drought stress","68015",183.8959,0.1312,24.17397152
"EA252","control","67199",244,0.657333333333333,161.254666666667
"EA252","control","67516",198,1.5196,300.8808
"EA252","control","67518",183.8959,2.061,379.0564884
"EA252","control","68015",194.3489,0.34845,67.56758096
"EA252","drought stress","67199",233.333333333333,0.116,26.5726666666667
"EA252","drought stress","67516",208,0.9808,204.0064
"EA252","drought stress","67518",245.5686,0.595,145.757915
"EA252","drought stress","68015",179.7147,0.11865,21.21908954
"EA257","control","67199",197,0.726,143.022
"EA257","control","67516",212,0.9956,211.0672
"EA257","control","67518",221.5267,2.659,591.7959514
"EA257","control","68015",204.8019,0.3203,65.53167202
"EA257","drought stress","67199",217,0.653333333333333,145.344
"EA257","drought stress","67516",222,1.4956,332.0232
"EA257","drought stress","67518",243.478,0.907,220.3516174
"EA257","drought stress","68015",197.4848,0.115,22.74441066
"EA263","control","67199",306.5,0.178,57.255
"EA263","control","67516",207,0.9124,188.8668
"EA263","control","67518",201.666,2.234,449.81104
"EA263","control","68015",194.3489,0.317785,61.921080407
"EA263","drought stress","67199",109.333333333333,0.282666666666667,43.6333333333333
"EA263","drought stress","67516",173,0.4368,75.5664
"EA263","drought stress","67518",199.5754,0.86,173.181888
"EA263","drought stress","68015",205.8472,0.09337,19.358308972
"EA264","control","67199",230,0.511,117.308
"EA264","control","67516",206,0.9144,188.3664
"EA264","control","67518",220.4814,1.472,324.4984464
"EA264","control","68015",204.8019,0.33213,67.873405029
"EA264","drought stress","67199",227.333333333333,0.493333333333333,113.008666666667
"EA264","drought stress","67516",227,1.3592,308.5384
"EA264","drought stress","67518",250.7702,0.903,226.4701052
"EA264","drought stress","68015",190.1677,0.13926,26.429757192
"EA266","control","67199",177,0.844,149.388
"EA266","control","67516",187,1.8996,355.2252
"EA266","control","67518",205.8472,1.808,373.0623332
"EA266","control","68015",150.4463,0.366185,55.066587683
"EA266","drought stress","67199",209.333333333333,0.483333333333333,101.011333333333
"EA266","drought stress","67516",184,1.6216,298.3744
"EA266","drought stress","67518",221.5267,0.952,208.7568252
"EA266","drought stress","68015",173.4429,0.16228,28.043435386
"EA269","control","67199",236,0.685,161.909
"EA269","control","67516",227,2.066,468.982
"EA269","control","67518",205.8472,1.493,307.8859692
"EA269","control","68015",169.2617,0.354725,60.210554017
"EA269","drought stress","67199",224.555555555556,0.237333333333333,51.7406666666667
"EA269","drought stress","67516",227,2.0804,472.2508
"EA269","drought stress","67518",230.9344,0.336,77.1423888
"EA269","drought stress","68015",155.6728,0.128155,20.029732296
"EA273","control","67199",192.666666666667,0.792666666666667,159.567333333333
"EA273","control","67516",214,1.4284,305.6776
"EA273","control","67518",194.3489,2.064,401.5375248
"EA273","control","68015",159.854,0.3693,59.12627766
"EA273","drought stress","67199",187,0.344,64.728
"EA273","drought stress","67516",216,1.5592,336.7872
"EA273","drought stress","67518",213.1643,0.81,172.7069856
"EA273","drought stress","68015",175.5335,0.1495,26.15445305
"EA279","control","67199",196.666666666667,0.746666666666667,147.224
"EA279","control","67516",234,1.2676,296.6184
"EA279","control","67518",216.3002,2.089,450.684563
"EA279","control","68015",172.3976,0.347345,59.941685011
"EA279","drought stress","67199",212,0.138,29.256
"EA279","drought stress","67516",217,0.9792,212.4864
"EA279","drought stress","67518",227.7985,0.591,135.8550504
"EA279","drought stress","68015",190.1677,0.09175,17.403252165
"EA28","control","67199",226.666666666667,0.585333333333333,135.025333333333
"EA28","control","67516",217,1.5512,336.6104
"EA28","control","67518",196.4395,1.543,302.463289
"EA28","control","68015",184.9412,0.351375,65.106986379
"EA28","drought stress","67199",260.777777777778,0.169333333333333,44.3768888888889
"EA28","drought stress","67516",202,1.9444,392.7688
"EA28","drought stress","67518",248.7045,0.598,145.30716
"EA28","drought stress","68015",188.0771,0.13969,26.317458905
"EA280","control","67199",156.666666666667,0.829333333333333,135.809333333333
"EA280","control","67516",145,0.8212,119.074
"EA280","control","67518",173.4429,0.948,164.4803154
"EA280","control","68015",173.4429,0.28567,49.661266413
"EA280","drought stress","67199",181.666666666667,0.493333333333333,88.9706666666667
"EA280","drought stress","67516",156,0.4416,68.8896
"EA280","drought stress","67518",243.478,0.152,37.1215484
"EA280","drought stress","68015",179.7147,0.134845,24.287644599
"EA296","control","67199",175.666666666667,0.373333333333333,64.2646666666667
"EA296","control","67516",194,1.4036,272.2984
"EA296","control","67518",208.9831,1.969,408.5807446
"EA296","control","68015",177.6241,0.33115,58.795133515
"EA296","drought stress","67199",208.333333333333,0.224,46.8533333333333
"EA296","drought stress","67516",205,1.542,316.11
"EA296","drought stress","67518",218.3908,0.888,194.508036
"EA296","drought stress","68015",150.4463,0.10656,15.985930383
"EA30","control","67199",104,0.171,35.568
"EA30","control","67516",209,1.388,290.092
"EA30","control","67518",213.1643,2.378,507.220386
"EA30","control","68015",177.6241,0.34785,61.77812852
"EA30","drought stress","67199",209.833333333333,0.152,32.518
"EA30","drought stress","67516",204,1.3432,274.0128
"EA30","drought stress","67518",198.5301,0.983,195.3986432
"EA30","drought stress","68015",166.1258,0.11315,18.83884174
"EA300","control","67199",189.777777777778,0.379,76.8796666666667
"EA300","control","67516",206,1.4908,307.1048
"EA300","control","67518",221.5267,2.075,457.6557
"EA300","control","68015",208.9831,0.32439,67.541364869
"EA300","drought stress","67199",218.222222222222,0.171333333333333,36.9884444444444
"EA300","drought stress","67516",214,2.0656,442.0384
"EA300","drought stress","67518",250.7951,0.552,138.0521342
"EA300","drought stress","68015",189.1224,0.09087,17.185552488
"EA35","control","67199",152.666666666667,0.237333333333333,48.4086666666667
"EA35","control","67516",193,0.8532,164.6676
"EA35","control","67518",220.4814,2.446,538.599244
"EA35","control","68015",194.3489,0.3544,68.92428866
"EA35","drought stress","67199",0,0.00266666666666667,0
"EA35","drought stress","67516",210,1.5824,332.304
"EA35","drought stress","67518",230.9344,1.213,280.756879
"EA35","drought stress","68015",177.6241,0.09945,18.00511869
"EA38","control","67199",172.888888888889,0.296666666666667,57.0288888888889
"EA38","control","67516",185,0.8164,151.034
"EA38","control","67518",207.9378,0.999,207.0713232
"EA38","control","68015",192.2583,0.33236,63.903724703
"EA38","drought stress","67199",181.666666666667,0.408,73.6586666666667
"EA38","drought stress","67516",178,0.388,69.064
"EA38","drought stress","67518",210.0284,0.25,52.883408
"EA38","drought stress","68015",144.1745,0.13116,18.98173953
"EA43","control","67199",233,0.826666666666667,193.283333333333
"EA43","control","67516",0,0,0
"EA43","control","67518",194.3489,1.064,205.2715446
"EA43","control","68015",202.7113,0.34211,69.364479274
"EA43","drought stress","67199",253.666666666667,0.256,63.2226666666667
"EA43","drought stress","67516",175,0.0874,15.295
"EA43","drought stress","67518",226.7532,0.353,79.0215762
"EA43","drought stress","68015",216.3002,0.119125,25.730729834
"EA45","control","67199",206.333333333333,0.609,129.449666666667
"EA45","control","67516",208,1.9128,397.8624
"EA45","control","67518",181.8053,1.362,247.5498288
"EA45","control","68015",167.1711,0.3014,50.314247328
"EA45","drought stress","67199",234.5,0.387,91.447
"EA45","drought stress","67516",176,1.098,193.248
"EA45","drought stress","67518",211.0737,0.568,117.3811416
"EA45","drought stress","68015",197.4848,0.133135,26.302539583
"EA47","control","67199",237.666666666667,0.618,148.141333333333
"EA47","control","67516",196,0.4024,78.8704
"EA47","control","67518",214.2096,1.299,278.2582704
"EA47","control","68015",198.5301,0.36265,71.91368262
"EA47","drought stress","67199",207,0.359,74.942
"EA47","drought stress","67516",217,0.3368,73.0856
"EA47","drought stress","67518",240.3421,0.433,103.9374668
"EA47","drought stress","68015",215.2549,0.14045,30.11918792
"EA53","control","67199",187.5,0.621,118.065
"EA53","control","67516",167,1.1708,195.5236
"EA53","control","67518",179.7147,2.206,396.2499306
"EA53","control","68015",179.7147,0.372525,66.915150552
"EA53","drought stress","67199",224,0.421333333333333,92.702
"EA53","drought stress","67516",165,1.322,218.13
"EA53","drought stress","67518",218.3908,0.931,203.3218348
"EA53","drought stress","68015",188.0771,0.146815,27.744012044
"EA54","control","67199",202.5,0.571,116.078
"EA54","control","67516",194,1.2224,237.1456
"EA54","control","67518",169.2617,1.292,218.5021436
"EA54","control","68015",178.6694,0.36855,65.7159588
"EA54","drought stress","67199",201.888888888889,0.197333333333333,38.2328888888889
"EA54","drought stress","67516",208,1.3592,282.7136
"EA54","drought stress","67518",237.2062,0.37,87.6157708
"EA54","drought stress","68015",184.9412,0.1302,24.05153926
"EA55","control","67199",218.666666666667,0.692666666666667,147.368666666667
"EA55","control","67516",198,0.9264,183.4272
"EA55","control","67518",188.0771,1.861,350.7170606
"EA55","control","68015",192.2583,0.33246,64.085745555
"EA55","drought stress","67199",179.666666666667,0.515333333333333,95.6626666666667
"EA55","drought stress","67516",218,1.024,223.232
"EA55","drought stress","67518",216.3002,0.901,194.6690578
"EA55","drought stress","68015",198.5301,0.136765,27.195417021
"EA57","control","67199",180,0.45,86.616
"EA57","control","67516",206,1.5316,315.5096
"EA57","control","67518",200.6207,1.813,363.9521592
"EA57","control","68015",199.5754,0.32705,65.28555971
"EA57","drought stress","67199",225,0.659333333333333,149.311333333333
"EA57","drought stress","67516",185,1.7852,330.262
"EA57","drought stress","67518",237.2062,0.804,190.4838188
"EA57","drought stress","68015",187.0318,0.15305,28.59406705
"EA59","control","67199",194,0.218,42.292
"EA59","control","67516",219,1.4428,315.9732
"EA59","control","67518",191.213,2.052,393.3223896
"EA59","control","68015",183.8959,0.3079,56.61788906
"EA59","drought stress","67199",131.111111111111,0.066,13.3037777777778
"EA59","drought stress","67516",197,1.5128,298.0216
"EA59","drought stress","67518",173.4429,1.173,200.0460702
"EA59","drought stress","68015",185.9865,0.07195,13.38428966
"EA6","control","67199",275.5,0.519,143.112
"EA6","control","67516",226,1.6584,374.7984
"EA6","control","67518",210.0284,1.566,330.6354912
"EA6","control","68015",181.8053,0.348165,63.327202311
"EA6","drought stress","67199",226.888888888889,0.319333333333333,68.7955555555556
"EA6","drought stress","67516",210,1.1252,236.292
"EA6","drought stress","67518",231.9797,0.932,216.2259864
"EA6","drought stress","68015",188.0771,0.12601,23.694327059
"EA62","control","67199",223,0.526666666666667,126.070666666667
"EA62","control","67516",233,1.3728,319.8624
"EA62","control","67518",191.213,1.525,291.599825
"EA62","control","68015",192.2583,0.33475,64.51353618
"EA62","drought stress","67199",266.666666666667,0.358,93.196
"EA62","drought stress","67516",226,1.2124,274.0024
"EA62","drought stress","67518",225.7079,0.895,199.3963658
"EA62","drought stress","68015",201.666,0.13525,27.2638282
"EA64","control","67199",233.333333333333,0.692,161.536666666667
"EA64","control","67516",230,0.946,217.58
"EA64","control","67518",202.7113,1.019,207.7701362
"EA64","control","68015",171.3523,0.283655,48.669771389
"EA64","drought stress","67199",132.666666666667,0.379333333333333,75.2153333333333
"EA64","drought stress","67516",193,0.6324,122.0532
"EA64","drought stress","67518",227.7985,0.58,127.5948904
"EA64","drought stress","68015",174.4882,0.1369,23.896884092
"EA66","control","67199",219,0.732666666666667,163.032666666667
"EA66","control","67516",192,1.5244,292.6848
"EA66","control","67518",202.7113,1.191,241.2754992
"EA66","control","68015",191.213,0.33734,64.50379342
"EA66","drought stress","67199",232.666666666667,0.392,91.2073333333333
"EA66","drought stress","67516",198,1.3576,268.8048
"EA66","drought stress","67518",241.4,0.473,115.5349
"EA66","drought stress","68015",161.9446,0.155175,25.129753305
"EA7","control","67199",259,0.89,230.51
"EA7","control","67516",224,1.3164,294.8736
"EA7","control","67518",206.8925,1.873,387.399896
"EA7","control","68015",182.8506,0.3416,62.50065012
"EA7","drought stress","67199",229,0.262,58.8706666666667
"EA7","drought stress","67516",224,1.61,360.64
"EA7","drought stress","67518",212.119,1.292,274.496774
"EA7","drought stress","68015",181.8053,0.13635,24.5724097
"EA71","control","67199",215.666666666667,0.656666666666667,142.364666666667
"EA71","control","67516",197,1.4952,294.5544
"EA71","control","67518",185.9865,1.324,247.197349
"EA71","control","68015",179.7147,0.340095,61.180463104
"EA71","drought stress","67199",176,0.612,107.712
"EA71","drought stress","67516",198,1.6336,323.4528
"EA71","drought stress","67518",208.9831,0.99,206.65285
"EA71","drought stress","68015",173.4429,0.157475,27.393466269
"EA72","control","67199",148,0.364666666666667,82.672
"EA72","control","67516",232,1.5288,354.6816
"EA72","control","67518",208.9831,1.601,334.062429
"EA72","control","68015",206.8925,0.28369,58.596559451
"EA72","drought stress","67199",206.5,0.259,53.611
"EA72","drought stress","67516",228,1.4932,340.4496
"EA72","drought stress","67518",221.5267,0.948,209.6937216
"EA72","drought stress","68015",202.7113,0.125485,25.392514773
"EA74","control","67199",223,0.911333333333333,202.464666666667
"EA74","control","67516",186,0.9976,185.5536
"EA74","control","67518",183.8959,1.382,255.0284576
"EA74","control","68015",189.1224,0.31075,58.79706813
"EA74","drought stress","67199",212,0.233,98.792
"EA74","drought stress","67516",176,1.1544,203.1744
"EA74","drought stress","67518",231.9797,0.81,187.318189
"EA74","drought stress","68015",182.8506,0.148,27.02174928
"EA75","control","67199",233.666666666667,0.366,86.0086666666667
"EA75","control","67516",235,1.7368,408.148
"EA75","control","67518",223.6173,2.521,562.4440866
"EA75","control","68015",184.9412,0.34095,63.01681698
"EA75","drought stress","67199",140.444444444444,0.0913333333333333,18.4177777777778
"EA75","drought stress","67516",227,1.5332,348.0364
"EA75","drought stress","67518",225.7079,1.049,236.0578284
"EA75","drought stress","68015",180.76,0.0951,17.4892318
"EA78","control","67199",226,0.634,143.716
"EA78","control","67516",224,1.36,304.64
"EA78","control","67518",217.3455,2.001,433.920537
"EA78","control","68015",188.0771,0.3434,64.59978769
"EA78","drought stress","67199",211,0.517333333333333,102.302666666667
"EA78","drought stress","67516",225,1.5628,351.63
"EA78","drought stress","67518",240.3421,0.821,197.5037916
"EA78","drought stress","68015",179.7147,0.1163,20.90468722
"EA79","control","67199",207.5,0.776,162.07
"EA79","control","67516",180,0.6992,125.856
"EA79","control","67518",178.6694,1.354,240.7894436
"EA79","control","68015",177.6241,0.30101,53.291751651
"EA79","drought stress","67199",161,0.294,47.334
"EA79","drought stress","67516",176,0.856,150.656
"EA79","drought stress","67518",219.4361,0.364,78.7458164
"EA79","drought stress","68015",157.7634,0.135605,21.604426491
"EA8","control","67199",208,0.549333333333333,115.584
"EA8","control","67516",178,0.5988,106.5864
"EA8","control","67518",223.6173,1.228,273.9225994
"EA8","control","68015",196.4395,0.308425,60.646440114
"EA8","drought stress","67199",278.166666666667,0.33,89.975
"EA8","drought stress","67516",202,0.7328,148.0256
"EA8","drought stress","67518",245.5686,0.663,162.8119818
"EA8","drought stress","68015",205.8472,0.129005,26.515199422
"EA85","control","67199",207.888888888889,0.188,38.6671111111111
"EA85","control","67516",162,0.8648,140.0976
"EA85","control","67518",202.7189,2.333,473.397238
"EA85","control","68015",202.7113,0.31585,63.99892498
"EA85","drought stress","67199",0,0.007,0
"EA85","drought stress","67516",167,0.6584,109.9528
"EA85","drought stress","67518",199.5754,1.04,207.5960468
"EA85","drought stress","68015",177.6241,0.086,15.3373453
"EA87","control","67199",233.666666666667,0.724666666666667,169.170666666667
"EA87","control","67516",222,1.5832,351.4704
"EA87","control","67518",192.2583,2.1,403.7361582
"EA87","control","68015",187.0318,0.3339,62.53228766
"EA87","drought stress","67199",259.333333333333,0.350666666666667,88.7066666666667
"EA87","drought stress","67516",206,1.8824,387.7744
"EA87","drought stress","67518",230.9344,0.808,186.2855864
"EA87","drought stress","68015",204.8019,0.131,26.25611997
"EA92","control","67199",242,0.516,119.706666666667
"EA92","control","67516",123,0.2292,28.1916
"EA92","control","67518",197.4848,1.218,241.0591364
"EA92","control","68015",191.213,0.3025,57.87391868
"EA92","drought stress","67199",251.25,0.344,90.9105
"EA92","drought stress","67516",125,0.1388,17.35
"EA92","drought stress","67518",244.5233,0.545,131.2801738
"EA92","drought stress","68015",198.5301,0.1066,21.20188023
"Euroresa","control","67199",210,0.580333333333333,122.739
"Euroresa","control","67516",216,1.7308,373.5668
"Euroresa","control","67518",217.3455,1.985,431.4423158
"Euroresa","control","68015",198.5301,0.34297,68.153182218
"Euroresa","drought stress","67199",221.047619047619,0.255714285714286,57.5050476190476
"Euroresa","drought stress","67516",200.5,1.4576,292.94
"Euroresa","drought stress","67518",215.2549,0.628,133.3654364
"Euroresa","drought stress","68015",195.3942,0.12923,25.22495265
"Ramses","control","67199",205,0.673333333333333,138.386333333333
"Ramses","control","67516",204,1.9852,406.4308
"Ramses","control","67518",203.7566,2.145,436.493445
"Ramses","control","68015",134.7668,0.30493,41.148356898
"Ramses","drought stress","67199",209.5,0.19575,41.073
"Ramses","drought stress","67516",205,1.731,354.855
"Ramses","drought stress","67518",218.4018,1.202,252.2287016
"Ramses","drought stress","68015",189.1224,0.14293,26.84076916
